antibiotic,gene,Anc_1,Anc_2,Anc_3,Anc_4,AraM5_1,AraM5_2,AraM5_3,AraM6_1,AraM6_2,AraM6_3,AraP4_1,AraP4_2,AraP4_3,AraP5_1,AraP5_2,AraP5_3
AMP,ompF,0,0,0,1,0,0,0,0,0,0,0,0,0,0,0,0
AMP,ompR,0,1,1,0,1,0,0,0,0,0,0,0,0,0,0,0
AMP,envZ,0,0,0,0,0,0,0,0,0,0,0,0,0,0,0,0
AMP,alaT,0,0,0,0,0,0,0,0,0,0,0,0,0,0,0,0
AMP,[ECB_00212]-[phoE],0,0,0,0,0,1,0,0,0,0,0,0,0,1,0,1
AMP,gyrA,0,0,0,0,0,0,0,0,0,0,0,0,0,0,0,0
AMP,hns,0,0,0,0,0,0,0,0,0,0,0,0,0,0,0,0
AMP,rpoB,0,0,0,0,0,0,0,0,0,0,1,0,0,0,0,0
AMP,agaA,0,0,0,0,1,0,0,0,0,0,0,0,0,0,0,0
AMP,asnS,0,0,0,0,0,0,0,0,0,0,0,0,0,0,0,0
AMP,[aspC]-ompF,0,0,0,0,0,0,0,0,0,0,0,0,0,0,0,0
AMP,aspc (ompF),0,0,0,0,0,0,0,0,0,0,0,0,0,0,0,0
AMP,baeR,0,0,0,0,0,0,0,0,0,0,0,0,0,0,0,0
AMP,dnaG (rpoD),0,0,0,0,0,0,0,0,0,0,0,0,0,0,0,0
AMP,ECB_01487,0,0,0,0,0,0,0,0,0,0,0,0,0,0,0,0
AMP,ftsI,1,0,0,0,0,0,0,0,0,0,0,0,0,0,0,0
AMP,gumD,0,0,0,0,0,0,0,0,0,0,0,0,0,0,0,0
AMP,hisQ,0,0,0,0,0,0,0,0,0,0,0,0,0,0,0,0
AMP,hns (tdk),0,0,0,0,0,0,0,0,0,0,0,0,0,0,0,0
AMP,[lacY]-yaiO,0,0,0,0,0,0,0,0,0,0,0,0,0,0,0,0
AMP,lpcA,0,0,0,0,0,0,0,0,0,0,0,0,0,0,0,0
AMP,marR,0,0,0,0,0,0,1,0,0,0,0,0,0,0,0,0
AMP,ompR (greB),0,0,0,0,0,0,0,0,0,0,0,0,0,0,0,0
AMP,rpoD,0,1,0,0,0,0,0,0,0,0,0,0,0,0,0,0
AMP,rrmA (cspC),0,0,0,0,0,0,0,0,0,0,0,0,0,0,0,0
AMP,slyA,0,0,0,0,0,0,0,0,0,0,0,0,1,0,0,0
AMP,tuf,0,0,0,0,0,0,0,0,0,0,0,0,0,0,0,0
AMP,waaC,0,0,0,0,0,0,0,0,0,0,0,0,0,0,1,0
AMP,ybeY,0,0,0,0,0,0,0,0,0,0,0,0,0,0,0,0
AMP,[ydaO]-ynaE,0,0,0,0,0,0,0,0,0,0,0,0,0,0,0,0
AMP,[yibD]-[waat],0,0,0,0,0,0,0,0,0,0,0,0,0,0,0,0
AMP,geneX,0,0,0,0,0,0,0,1,1,1,0,1,0,0,0,0
CRO,ompF,0,0,1,1,1,0,1,1,0,0,1,0,0,0,0,0
CRO,ompR,1,0,0,0,0,0,0,0,0,0,0,0,0,0,0,0
CRO,envZ,0,0,0,0,0,0,0,0,0,1,0,0,0,0,0,0
CRO,alaT,0,0,0,0,0,0,0,0,0,0,0,0,0,0,0,0
CRO,[ECB_00212]-[phoE],0,0,0,0,0,0,0,0,0,0,0,0,0,0,0,0
CRO,gyrA,0,0,0,0,0,0,0,0,0,0,0,0,0,0,0,0
CRO,hns,0,0,0,0,0,0,0,0,0,0,0,1,1,0,0,0
CRO,rpoB,0,0,0,0,0,0,0,0,0,0,0,0,0,0,0,0
CRO,agaA,0,0,0,0,0,0,0,0,0,0,0,0,0,0,0,0
CRO,asnS,0,0,0,0,0,0,0,0,0,0,0,0,0,0,0,0
CRO,[aspC]-ompF,0,0,0,0,0,0,0,0,0,0,0,0,1,0,0,0
CRO,aspc (ompF),0,0,0,0,0,1,0,0,0,0,0,0,0,0,0,0
CRO,baeR,0,0,0,0,0,0,0,0,1,0,0,0,0,0,0,0
CRO,dnaG (rpoD),0,0,0,0,0,0,0,0,0,0,0,0,0,0,0,0
CRO,ECB_01487,0,0,0,0,0,0,0,0,0,0,0,0,0,0,0,0
CRO,ftsI,0,0,0,0,0,0,0,0,0,0,0,0,0,0,0,0
CRO,gumD,0,0,0,0,0,0,0,0,0,0,0,0,0,0,0,1
CRO,hisQ,0,0,0,0,0,0,0,0,0,0,0,0,0,0,0,0
CRO,hns (tdk),0,0,0,0,0,0,0,0,0,0,1,0,0,0,0,0
CRO,[lacY]-yaiO,0,0,0,0,0,0,0,0,0,0,0,0,0,0,0,0
CRO,lpcA,0,0,0,0,0,0,0,0,0,0,0,0,0,0,0,0
CRO,marR,0,0,0,0,0,0,0,0,0,0,0,0,0,0,0,0
CRO,ompR (greB),0,1,0,0,0,0,0,0,0,0,0,0,0,0,0,0
CRO,rpoD,0,0,0,0,0,0,0,0,0,0,0,0,0,0,0,0
CRO,rrmA (cspC),0,0,0,0,0,0,0,0,0,0,0,1,0,0,0,0
CRO,slyA,0,0,0,0,0,0,0,0,0,0,0,0,0,0,0,0
CRO,tuf,0,0,0,0,0,0,0,0,0,0,0,0,0,0,0,0
CRO,waaC,0,0,0,0,0,0,0,0,0,0,0,0,0,0,0,0
CRO,ybeY,0,0,0,0,0,0,0,0,0,0,0,0,0,0,0,0
CRO,[ydaO]-ynaE,0,0,0,0,0,0,0,0,0,0,0,1,0,0,0,0
CRO,[yibD]-[waat],0,0,0,0,0,0,0,0,0,0,0,0,0,0,1,0
CRO,geneX,0,0,0,0,0,0,0,0,0,0,0,0,0,1,0,0
CIP,ompF,0,0,0,0,0,0,0,0,0,0,0,0,0,0,0,0
CIP,ompR,0,0,0,0,0,0,0,0,0,0,0,0,0,0,0,0
CIP,envZ,0,0,0,0,0,0,0,0,0,0,0,0,0,0,0,0
CIP,alaT,1,1,0,0,1,1,0,0,0,0,0,0,0,0,0,0
CIP,[ECB_00212]-[phoE],0,0,0,0,0,0,0,0,0,0,0,0,0,0,0,0
CIP,gyrA,0,0,0,1,0,0,0,0,0,0,1,0,0,0,0,0
CIP,hns,0,0,0,0,0,0,0,0,0,0,0,0,0,0,0,0
CIP,rpoB,0,0,0,0,0,0,0,0,0,1,0,0,0,0,0,0
CIP,agaA,0,0,0,0,0,0,0,0,0,0,0,0,0,0,0,0
CIP,asnS,0,0,0,0,0,0,1,0,0,0,0,0,0,0,0,0
CIP,[aspC]-ompF,0,0,0,0,0,0,0,0,0,0,0,0,0,0,0,0
CIP,aspc (ompF),0,0,0,0,0,0,0,0,0,0,0,0,0,0,0,0
CIP,baeR,0,0,0,0,0,0,0,0,0,0,0,0,0,0,0,0
CIP,dnaG (rpoD),0,0,1,0,0,0,0,0,0,0,0,0,0,0,0,0
CIP,ECB_01487,0,0,0,0,0,0,0,0,0,0,0,0,0,1,0,0
CIP,ftsI,0,0,0,0,0,0,0,0,0,0,0,0,0,0,0,0
CIP,gumD,0,0,0,0,0,0,0,0,0,0,0,0,0,0,0,0
CIP,hisQ,0,0,0,0,0,0,0,0,1,0,0,0,0,0,0,0
CIP,hns (tdk),0,0,0,0,0,0,0,0,0,0,0,0,0,0,0,0
CIP,[lacY]-yaiO,0,0,0,0,0,0,0,0,0,0,0,0,0,0,0,0
CIP,lpcA,0,0,0,0,0,0,0,0,0,0,0,0,0,0,0,0
CIP,marR,0,0,0,0,0,0,0,0,0,0,0,0,0,0,0,0
CIP,ompR (greB),0,0,0,0,0,0,0,0,0,0,0,0,0,0,0,0
CIP,rpoD,0,0,0,0,0,0,0,0,0,0,0,0,0,0,0,0
CIP,rrmA (cspC),0,0,0,0,0,0,0,0,0,0,0,0,0,0,0,0
CIP,slyA,0,0,0,0,0,0,0,0,0,0,0,0,0,0,0,0
CIP,tuf,0,0,0,0,0,0,0,0,0,0,0,1,0,0,0,0
CIP,waaC,0,0,0,0,0,0,0,0,0,0,0,0,0,0,0,0
CIP,ybeY,0,0,0,0,0,0,0,1,0,0,0,0,0,0,0,0
CIP,[ydaO]-ynaE,0,0,0,0,0,0,0,0,0,0,0,0,0,0,0,0
CIP,[yibD]-[waat],0,0,0,0,0,0,0,0,0,0,0,0,0,0,0,0
CIP,geneX,0,0,0,0,0,0,0,0,0,0,0,0,1,0,1,1
TET,ompF,0,0,0,0,0,0,1,0,0,0,0,0,0,0,1,0
TET,ompR,0,1,1,1,0,1,0,0,1,0,0,1,0,0,0,0
TET,envZ,1,0,0,0,0,0,0,0,0,0,0,0,0,0,0,1
TET,alaT,0,0,0,0,0,0,0,0,0,0,0,0,0,0,0,0
TET,[ECB_00212]-[phoE],0,0,0,0,0,0,0,0,0,0,0,0,0,0,0,0
TET,gyrA,0,0,0,0,0,0,0,0,0,0,0,0,0,0,0,0
TET,hns,0,0,0,0,0,0,0,0,0,0,0,0,1,0,0,0
TET,rpoB,0,0,0,0,0,0,0,0,0,0,0,0,0,0,0,0
TET,agaA,0,0,0,0,0,0,0,0,0,0,0,0,0,0,0,0
TET,asnS,0,0,0,0,0,0,0,0,0,0,0,0,0,0,0,0
TET,[aspC]-ompF,0,0,0,0,0,0,0,0,0,0,0,0,0,0,0,0
TET,aspc (ompF),0,0,0,0,0,0,0,0,0,0,0,0,0,0,0,0
TET,baeR,0,0,0,0,0,0,0,0,0,0,0,0,0,0,0,0
TET,dnaG (rpoD),0,0,0,0,0,0,0,0,0,0,0,0,0,0,0,0
TET,ECB_01487,0,0,0,0,0,0,0,0,0,0,0,0,0,0,0,0
TET,ftsI,0,0,0,0,0,0,0,0,0,0,0,0,0,0,0,0
TET,gumD,0,0,0,0,0,0,0,0,0,0,0,0,0,0,0,0
TET,hisQ,0,0,0,0,0,0,0,0,0,0,0,0,0,0,0,0
TET,hns (tdk),0,0,0,0,0,0,0,0,0,0,0,0,0,0,0,0
TET,[lacY]-yaiO,0,1,0,0,0,0,0,0,0,0,0,0,0,0,0,0
TET,lpcA,0,0,0,0,0,0,0,0,0,0,0,0,1,0,0,0
TET,marR,0,0,0,0,0,0,0,0,0,0,0,0,0,0,0,0
TET,ompR (greB),0,0,0,0,0,0,0,0,0,0,0,0,0,0,0,0
TET,rpoD,0,0,0,0,0,0,0,0,0,0,0,0,0,0,0,0
TET,rrmA (cspC),0,0,0,0,0,0,0,0,0,0,0,0,0,0,0,0
TET,slyA,0,0,0,0,0,0,0,0,0,0,0,0,0,0,0,0
TET,tuf,0,0,0,0,0,0,0,0,0,0,0,0,0,0,0,0
TET,waaC,0,0,0,0,0,0,0,0,0,0,0,0,0,0,0,0
TET,ybeY,0,0,0,0,0,0,0,0,0,0,0,0,0,0,0,0
TET,[ydaO]-ynaE,0,0,0,0,0,0,0,0,0,0,0,0,0,0,0,0
TET,[yibD]-[waat],0,0,0,0,0,0,0,0,0,0,0,0,0,0,0,0
TET,geneX,0,0,0,0,1,0,0,1,0,1,1,0,0,1,0,0
